{
  "best_params": {
    "colsample_bytree": 0.7,
    "learning_rate": 0.005,
    "max_depth": 5,
    "n_estimators": 800,
    "num_leaves": 21,
    "reg_alpha": 0,
    "reg_lambda": 2,
    "subsample": 0.7
  },
  "cv_score": 0.01120970292636125,
  "timestamp": "2025-12-16T16:45:56.835339",
  "n_combinations": 128,
  "elapsed_minutes": 13.36193705399831
}