{
  "ridge_params": {
    "alpha": 100.0
  },
  "lasso_params": {
    "alpha": 0.001
  },
  "ridge_cv_score": 0.010130598301540814,
  "lasso_cv_score": 0.010515330240926588,
  "timestamp": "2025-12-16T16:19:32.330404"
}