{
  "best_params": {
    "colsample_bytree": 0.7,
    "learning_rate": 0.005,
    "max_depth": 5,
    "n_estimators": 800,
    "num_leaves": 21,
    "reg_alpha": 0,
    "reg_lambda": 2,
    "subsample": 0.7
  },
  "cv_score": 0.010718952518832153,
  "timestamp": "2026-01-06T18:23:55.903129",
  "n_combinations": 128,
  "elapsed_minutes": 13.159359582265218
}