{
  "ridge_params": {
    "alpha": 1000.0
  },
  "lasso_params": {
    "alpha": 0.001
  },
  "ridge_cv_score": 0.00913328489418124,
  "lasso_cv_score": 0.009295622527879067,
  "timestamp": "2026-01-19T16:10:18.279292"
}