{
  "timestamp": "2026-02-03T23:19:53.919523Z",
  "model_name": "xgb_tuned",
  "metrics": {
    "train": {
      "rmse": 0.008045408197754638,
      "mae": 0.005604441560017746,
      "r2": 0.7170392862840006
    },
    "val": {
      "rmse": 0.00907279671175083,
      "mae": 0.00558345122421248,
      "r2": 0.453820241414309
    },
    "test": {
      "rmse": 0.004869681452443808,
      "mae": 0.0041195188750506005,
      "r2": -0.7500920503923685
    }
  }
}